timestamp,timestamp_ns,rtt_ms,ttl,bytes
2026-06-11 05:43:07.345,1781156587345547000,355.225000,64,64
2026-06-11 05:43:08.350,1781156588350381000,998.247000,64,64
2026-06-11 05:43:09.352,1781156589352819000,,,
2026-06-11 05:43:10.362,1781156590362395000,,,
2026-06-11 05:43:11.376,1781156591376772000,,,
2026-06-11 05:43:12.387,1781156592387686000,,,
2026-06-11 05:43:13.398,1781156593398305000,,,
2026-06-11 05:43:14.410,1781156594410882000,,,
2026-06-11 05:43:15.424,1781156595424167000,,,
2026-06-11 05:43:16.437,1781156596437220000,,,
2026-06-11 05:43:17.443,1781156597443178000,,,
2026-06-11 05:43:18.452,1781156598452557000,,,
2026-06-11 05:43:19.459,1781156599459995000,,,
2026-06-11 05:43:20.469,1781156600469364000,,,
2026-06-11 05:43:21.483,1781156601483331000,,,
2026-06-11 05:43:22.496,1781156602496916000,385.815000,64,64
2026-06-11 05:43:23.501,1781156603502436000,221.112000,64,64
2026-06-11 05:43:24.506,1781156604506921000,,,
2026-06-11 05:43:25.513,1781156605513686000,,,
2026-06-11 05:43:26.527,1781156606527537000,999.312000,64,64
2026-06-11 05:43:27.537,1781156607537216000,,,
2026-06-11 05:43:28.551,1781156608551276000,664.766000,64,64
2026-06-11 05:43:29.556,1781156609556197000,,,
2026-06-11 05:43:30.563,1781156610563396000,207.604000,64,64
2026-06-11 05:43:31.568,1781156611568556000,289.181000,64,64
2026-06-11 05:43:32.569,1781156612569473000,930.578000,64,64
2026-06-11 05:43:33.574,1781156613574464000,451.596000,64,64
2026-06-11 05:43:34.579,1781156614579727000,700.170000,64,64
2026-06-11 05:43:35.584,1781156615584806000,735.022000,64,64
2026-06-11 05:43:36.585,1781156616585510000,950.783000,64,64
2026-06-11 05:43:37.590,1781156617590475000,,,
2026-06-11 05:43:38.606,1781156618606451000,315.819000,64,64
2026-06-11 05:43:39.611,1781156619611700000,394.508000,64,64
2026-06-11 05:43:40.616,1781156620616561000,3.240000,64,64
2026-06-11 05:43:41.621,1781156621621663000,97.792000,64,64
2026-06-11 05:43:42.625,1781156622625683000,179.371000,64,64
2026-06-11 05:43:43.630,1781156623630659000,204.300000,64,64
2026-06-11 05:43:44.633,1781156624633730000,,,
2026-06-11 05:43:45.644,1781156625644889000,253.890000,64,64
2026-06-11 05:43:46.649,1781156626649935000,911.404000,64,64
2026-06-11 05:43:47.654,1781156627655008000,,,
2026-06-11 05:43:48.673,1781156628674106000,,,
2026-06-11 05:43:49.688,1781156629688255000,,,
2026-06-11 05:43:50.701,1781156630701197000,,,
2026-06-11 05:43:51.712,1781156631712749000,,,
2026-06-11 05:43:52.723,1781156632723639000,265.020000,64,64
2026-06-11 05:43:53.726,1781156633726904000,967.014000,64,64
2026-06-11 05:43:54.729,1781156634729368000,5.119000,64,64
2026-06-11 05:43:55.730,1781156635730437000,636.433000,64,64
2026-06-11 05:43:56.733,1781156636733953000,84.405000,64,64
2026-06-11 05:43:57.738,1781156637738430000,632.269000,64,64
2026-06-11 05:43:58.743,1781156638743680000,277.249000,64,64
2026-06-11 05:43:59.748,1781156639748683000,257.643000,64,64
2026-06-11 05:44:00.751,1781156640751877000,434.687000,64,64
2026-06-11 05:44:01.756,1781156641756980000,333.918000,64,64
2026-06-11 05:44:02.761,1781156642762060000,455.980000,64,64
2026-06-11 05:44:03.766,1781156643767182000,129.903000,64,64
2026-06-11 05:44:04.771,1781156644772220000,349.647000,64,64
2026-06-11 05:44:05.777,1781156645777299000,122.609000,64,64
2026-06-11 05:44:06.778,1781156646779215000,729.991000,64,64
2026-06-11 05:44:07.783,1781156647784161000,660.936000,64,64
2026-06-11 05:44:08.784,1781156648785183000,185.356000,64,64
2026-06-11 05:44:09.790,1781156649790348000,644.471000,64,64
2026-06-11 05:44:10.795,1781156650795433000,140.539000,64,64
2026-06-11 05:44:11.800,1781156651800450000,253.421000,64,64
2026-06-11 05:44:12.804,1781156652804634000,,,
2026-06-11 05:44:13.818,1781156653819152000,972.380000,64,64
2026-06-11 05:44:14.823,1781156654824177000,431.770000,64,64
2026-06-11 05:44:15.828,1781156655829074000,378.586000,64,64
2026-06-11 05:44:16.834,1781156656834302000,951.543000,64,64
2026-06-11 05:44:17.839,1781156657839380000,142.088000,64,64
2026-06-11 05:44:18.844,1781156658844321000,556.399000,64,64
2026-06-11 05:44:19.846,1781156659847026000,247.817000,64,64
2026-06-11 05:44:20.851,1781156660851471000,96.909000,64,64
2026-06-11 05:44:21.856,1781156661856680000,260.205000,64,64
2026-06-11 05:44:22.861,1781156662861827000,940.968000,64,64
2026-06-11 05:44:23.864,1781156663864307000,196.146000,64,64
2026-06-11 05:44:24.869,1781156664869387000,298.990000,64,64
2026-06-11 05:44:25.874,1781156665874490000,,,
2026-06-11 05:44:26.887,1781156666887297000,864.581000,64,64
2026-06-11 05:44:27.892,1781156667892538000,607.373000,64,64
2026-06-11 05:44:28.897,1781156668897584000,,,
2026-06-11 05:44:29.908,1781156669909149000,408.966000,64,64
2026-06-11 05:44:30.914,1781156670914343000,960.665000,64,64
2026-06-11 05:44:31.917,1781156671918058000,118.635000,64,64
2026-06-11 05:44:32.922,1781156672923219000,281.141000,64,64
2026-06-11 05:44:33.928,1781156673928323000,342.463000,64,64
2026-06-11 05:44:34.933,1781156674933375000,37.709000,64,64
2026-06-11 05:44:35.938,1781156675938525000,392.144000,64,64
2026-06-11 05:44:36.943,1781156676943654000,215.008000,64,64
2026-06-11 05:44:37.944,1781156677944985000,236.427000,64,64
2026-06-11 05:44:38.946,1781156678946258000,384.512000,64,64
2026-06-11 05:44:39.947,1781156679947452000,490.772000,64,64
2026-06-11 05:44:40.952,1781156680952572000,409.264000,64,64
2026-06-11 05:44:41.957,1781156681957654000,531.585000,64,64
2026-06-11 05:44:42.959,1781156682959762000,162.174000,64,64
2026-06-11 05:44:43.964,1781156683964765000,,,
2026-06-11 05:44:44.978,1781156684978889000,180.100000,64,64
2026-06-11 05:44:45.983,1781156685984072000,255.539000,64,64
2026-06-11 05:44:46.986,1781156686986534000,281.622000,64,64
2026-06-11 05:44:47.991,1781156687991730000,315.482000,64,64
2026-06-11 05:44:48.991,1781156688992003000,993.055000,64,64
2026-06-11 05:44:49.992,1781156689992985000,312.361000,64,64
2026-06-11 05:44:50.997,1781156690998223000,527.910000,64,64
2026-06-11 05:44:52.001,1781156692001706000,481.808000,64,64
2026-06-11 05:44:53.006,1781156693006369000,,,
2026-06-11 05:44:54.018,1781156694018234000,15.679000,64,64
2026-06-11 05:44:55.023,1781156695023440000,472.361000,64,64
2026-06-11 05:44:56.028,1781156696028520000,240.401000,64,64
2026-06-11 05:44:57.033,1781156697033614000,350.531000,64,64
2026-06-11 05:44:58.038,1781156698038758000,186.404000,64,64
2026-06-11 05:44:59.043,1781156699043832000,,,
2026-06-11 05:45:00.058,1781156700059142000,208.970000,64,64
2026-06-11 05:45:01.059,1781156701059484000,404.484000,64,64
2026-06-11 05:45:02.062,1781156702062447000,,,
2026-06-11 05:45:03.076,1781156703076338000,372.826000,64,64
2026-06-11 05:45:04.076,1781156704076740000,331.184000,64,64
2026-06-11 05:45:05.081,1781156705081879000,492.590000,64,64
2026-06-11 05:45:06.086,1781156706086923000,122.933000,64,64
2026-06-11 05:45:07.091,1781156707092020000,,,
2026-06-11 05:45:08.107,1781156708107387000,132.863000,64,64
2026-06-11 05:45:09.108,1781156709109150000,128.685000,64,64
2026-06-11 05:45:10.113,1781156710114247000,121.379000,64,64
2026-06-11 05:45:11.118,1781156711118120000,280.837000,64,64
2026-06-11 05:45:12.123,1781156712123350000,624.444000,64,64
2026-06-11 05:45:13.128,1781156713128435000,204.532000,64,64
2026-06-11 05:45:14.133,1781156714133510000,,,
2026-06-11 05:45:15.143,1781156715143531000,942.723000,64,64
2026-06-11 05:45:16.147,1781156716147940000,596.072000,64,64
2026-06-11 05:45:17.152,1781156717153236000,894.004000,64,64
2026-06-11 05:45:18.158,1781156718158327000,569.725000,64,64
2026-06-11 05:45:19.163,1781156719163436000,11.330000,64,64
2026-06-11 05:45:20.168,1781156720168433000,742.345000,64,64
2026-06-11 05:45:21.173,1781156721173348000,,,
2026-06-11 05:45:22.183,1781156722183613000,,,
2026-06-11 05:45:23.196,1781156723196476000,,,
2026-06-11 05:45:24.210,1781156724210764000,,,
2026-06-11 05:45:25.222,1781156725222598000,745.646000,64,64
2026-06-11 05:45:26.227,1781156726227630000,235.259000,64,64
2026-06-11 05:45:27.228,1781156727228870000,474.460000,64,64
2026-06-11 05:45:28.233,1781156728233934000,842.618000,64,64
2026-06-11 05:45:29.238,1781156729238988000,,,
2026-06-11 05:45:30.251,1781156730251167000,669.624000,64,64
2026-06-11 05:45:31.256,1781156731256256000,67.857000,64,64
2026-06-11 05:45:32.261,1781156732261415000,595.497000,64,64
2026-06-11 05:45:33.265,1781156733265240000,10.862000,64,64
2026-06-11 05:45:34.270,1781156734270324000,608.461000,64,64
2026-06-11 05:45:35.273,1781156735273861000,268.296000,64,64
2026-06-11 05:45:36.278,1781156736278881000,361.291000,64,64
2026-06-11 05:45:37.283,1781156737284040000,292.497000,64,64
2026-06-11 05:45:38.288,1781156738289103000,157.961000,64,64
2026-06-11 05:45:39.293,1781156739294223000,291.286000,64,64
2026-06-11 05:45:40.295,1781156740295392000,,,
2026-06-11 05:45:41.309,1781156741310020000,323.426000,64,64
2026-06-11 05:45:42.314,1781156742315224000,564.117000,64,64
2026-06-11 05:45:43.316,1781156743316528000,189.246000,64,64
2026-06-11 05:45:44.321,1781156744321603000,29.587000,64,64
2026-06-11 05:45:45.326,1781156745326686000,79.112000,64,64
2026-06-11 05:45:46.331,1781156746331787000,296.965000,64,64
2026-06-11 05:45:47.336,1781156747336883000,338.662000,64,64
2026-06-11 05:45:48.341,1781156748341974000,228.017000,64,64
2026-06-11 05:45:49.346,1781156749347039000,311.188000,64,64
2026-06-11 05:45:50.351,1781156750352163000,,,
2026-06-11 05:45:51.365,1781156751366150000,204.323000,64,64
2026-06-11 05:45:52.371,1781156752371355000,262.389000,64,64
2026-06-11 05:45:53.376,1781156753376494000,621.883000,64,64
2026-06-11 05:45:54.380,1781156754380964000,484.796000,64,64
2026-06-11 05:45:55.385,1781156755386076000,,,
2026-06-11 05:45:56.399,1781156756399936000,48.149000,64,64
2026-06-11 05:45:57.404,1781156757405153000,446.660000,64,64
2026-06-11 05:45:58.409,1781156758410260000,229.918000,64,64
2026-06-11 05:45:59.415,1781156759415272000,81.991000,64,64
2026-06-11 05:46:00.420,1781156760420403000,362.189000,64,64
2026-06-11 05:46:01.425,1781156761425509000,36.870000,64,64
2026-06-11 05:46:02.427,1781156762427296000,399.398000,64,64
2026-06-11 05:46:03.432,1781156763432376000,719.752000,64,64
2026-06-11 05:46:04.433,1781156764433714000,307.495000,64,64
2026-06-11 05:46:05.438,1781156765438746000,345.425000,64,64
2026-06-11 05:46:06.443,1781156766443932000,611.611000,64,64
2026-06-11 05:46:07.445,1781156767445981000,105.671000,64,64
2026-06-11 05:46:08.450,1781156768451046000,535.377000,64,64
2026-06-11 05:46:09.455,1781156769456109000,130.279000,64,64
2026-06-11 05:46:10.455,1781156770456211000,135.884000,64,64
2026-06-11 05:46:11.461,1781156771461374000,141.954000,64,64
2026-06-11 05:46:12.466,1781156772466440000,701.668000,64,64
2026-06-11 05:46:13.471,1781156773471544000,374.526000,64,64
2026-06-11 05:46:14.476,1781156774476551000,143.539000,64,64
2026-06-11 05:46:15.481,1781156775481651000,,,
2026-06-11 05:46:16.496,1781156776496530000,355.521000,64,64
2026-06-11 05:46:17.501,1781156777501782000,386.812000,64,64
2026-06-11 05:46:18.503,1781156778503615000,126.639000,64,64
2026-06-11 05:46:19.508,1781156779508369000,150.195000,64,64
2026-06-11 05:46:20.513,1781156780513477000,101.523000,64,64
2026-06-11 05:46:21.518,1781156781518652000,508.441000,64,64
2026-06-11 05:46:22.523,1781156782523640000,,,
2026-06-11 05:46:23.537,1781156783537933000,,,
2026-06-11 05:46:24.549,1781156784549510000,222.057000,64,64
2026-06-11 05:46:25.554,1781156785554711000,300.626000,64,64
2026-06-11 05:46:26.559,1781156786559784000,908.077000,64,64
2026-06-11 05:46:27.564,1781156787564826000,472.320000,64,64
2026-06-11 05:46:28.567,1781156788567352000,744.905000,64,64
2026-06-11 05:46:29.572,1781156789572468000,513.279000,64,64
2026-06-11 05:46:30.577,1781156790577362000,547.184000,64,64
2026-06-11 05:46:31.582,1781156791582598000,482.287000,64,64
2026-06-11 05:46:32.587,1781156792587697000,216.619000,64,64
2026-06-11 05:46:33.592,1781156793592792000,997.445000,64,64
2026-06-11 05:46:34.598,1781156794598948000,253.156000,64,64
2026-06-11 05:46:35.603,1781156795604165000,311.706000,64,64
2026-06-11 05:46:36.608,1781156796609278000,633.764000,64,64
2026-06-11 05:46:37.614,1781156797614312000,72.373000,64,64
2026-06-11 05:46:38.616,1781156798616950000,135.758000,64,64
2026-06-11 05:46:39.621,1781156799622014000,735.086000,64,64
2026-06-11 05:46:40.626,1781156800627112000,447.066000,64,64
2026-06-11 05:46:41.631,1781156801632181000,239.157000,64,64
2026-06-11 05:46:42.636,1781156802636504000,28.763000,64,64
2026-06-11 05:46:43.641,1781156803641597000,564.079000,64,64
2026-06-11 05:46:44.642,1781156804643168000,663.142000,64,64
2026-06-11 05:46:45.647,1781156805648176000,539.153000,64,64
2026-06-11 05:46:46.653,1781156806653378000,700.443000,64,64
2026-06-11 05:46:47.658,1781156807658402000,301.826000,64,64
2026-06-11 05:46:48.663,1781156808663429000,315.292000,64,64
2026-06-11 05:46:49.668,1781156809668675000,56.518000,64,64
2026-06-11 05:46:50.673,1781156810673685000,112.476000,64,64
2026-06-11 05:46:51.678,1781156811678842000,,,
2026-06-11 05:46:52.694,1781156812694659000,479.987000,64,64
2026-06-11 05:46:53.699,1781156813699913000,544.377000,64,64
2026-06-11 05:46:54.704,1781156814704989000,328.264000,64,64
2026-06-11 05:46:55.708,1781156815708632000,,,
2026-06-11 05:46:56.722,1781156816722537000,114.882000,64,64
2026-06-11 05:46:57.723,1781156817724146000,,,
2026-06-11 05:46:58.738,1781156818738684000,,,
2026-06-11 05:46:59.750,1781156819750179000,234.664000,64,64
2026-06-11 05:47:00.755,1781156820755375000,168.309000,64,64
2026-06-11 05:47:01.760,1781156821760438000,267.540000,64,64
2026-06-11 05:47:02.765,1781156822765545000,926.510000,64,64
2026-06-11 05:47:03.766,1781156823766347000,431.922000,64,64
2026-06-11 05:47:04.767,1781156824767888000,541.579000,64,64
2026-06-11 05:47:05.772,1781156825772993000,564.714000,64,64
2026-06-11 05:47:06.774,1781156826774508000,366.035000,64,64
2026-06-11 05:47:07.784,1781156827784680000,299.512000,64,64
2026-06-11 05:47:08.794,1781156828795032000,45.629000,64,64
2026-06-11 05:47:09.805,1781156829805943000,3.537000,64,64
2026-06-11 05:47:10.816,1781156830816699000,7.552000,64,64
2026-06-11 05:47:11.820,1781156831820833000,62.356000,64,64
2026-06-11 05:47:12.827,1781156832827901000,,,
2026-06-11 05:47:13.856,1781156833856625000,,,
2026-06-11 05:48:41.845,1781156921845942000,,,
2026-06-11 05:48:42.866,1781156922866267000,,,
2026-06-11 05:48:43.875,1781156923875804000,,,
2026-06-11 05:48:44.889,1781156924889488000,,,
2026-06-11 05:48:45.901,1781156925901488000,,,
2026-06-11 05:48:46.937,1781156926937600000,,,
2026-06-11 05:48:47.956,1781156927956317000,,,
2026-06-11 05:48:48.968,1781156928968664000,,,
2026-06-11 05:48:49.982,1781156929982293000,,,
2026-06-11 05:48:50.990,1781156930990620000,,,
2026-06-11 05:48:52.000,1781156932001023000,,,
2026-06-11 05:48:53.014,1781156933014480000,692.354000,64,64
2026-06-11 05:48:54.015,1781156934015784000,,,
2026-06-11 05:48:55.024,1781156935024770000,,,
2026-06-11 05:48:56.033,1781156936034071000,,,
2026-06-11 05:48:57.044,1781156937045034000,844.835000,64,64
2026-06-11 05:48:58.047,1781156938047923000,,,
2026-06-11 05:48:59.060,1781156939060539000,,,
2026-06-11 05:49:00.073,1781156940074068000,,,
2026-06-11 05:49:01.086,1781156941086195000,94.109000,64,64
2026-06-11 05:49:02.091,1781156942091379000,666.577000,64,64
2026-06-11 05:49:03.096,1781156943096781000,639.522000,64,64
2026-06-11 05:49:04.101,1781156944101943000,440.182000,64,64
2026-06-11 05:49:05.106,1781156945107217000,155.084000,64,64
2026-06-11 05:49:06.109,1781156946109816000,229.479000,64,64
2026-06-11 05:49:07.114,1781156947114840000,,,
2026-06-11 05:49:08.125,1781156948125738000,698.151000,64,64
2026-06-11 05:49:09.130,1781156949131082000,357.346000,64,64
2026-06-11 05:49:10.136,1781156950136300000,987.195000,64,64
2026-06-11 05:49:11.136,1781156951136712000,,,
2026-06-11 05:49:12.147,1781156952147166000,965.929000,64,64
2026-06-11 05:49:13.148,1781156953148417000,914.707000,64,64
2026-06-11 05:49:14.152,1781156954152445000,78.356000,64,64
2026-06-11 05:49:15.157,1781156955157632000,84.215000,64,64
2026-06-11 05:49:16.162,1781156956162832000,191.163000,64,64
2026-06-11 05:49:17.167,1781156957167825000,35.424000,64,64
2026-06-11 05:49:18.172,1781156958173114000,83.975000,64,64
2026-06-11 05:49:19.175,1781156959175504000,78.184000,64,64
2026-06-11 05:49:20.176,1781156960176651000,616.001000,64,64
2026-06-11 05:49:21.181,1781156961181858000,159.925000,64,64
2026-06-11 05:49:22.182,1781156962182787000,459.555000,64,64
2026-06-11 05:49:23.187,1781156963188059000,,,
2026-06-11 05:49:24.202,1781156964202403000,385.946000,64,64
2026-06-11 05:49:25.205,1781156965206144000,537.854000,64,64
2026-06-11 05:49:26.211,1781156966211307000,,,
2026-06-11 05:49:27.225,1781156967225351000,109.094000,64,64
2026-06-11 05:49:28.227,1781156968227352000,242.971000,64,64
2026-06-11 05:49:29.232,1781156969232460000,,,
2026-06-11 05:49:30.242,1781156970243024000,212.578000,64,64
2026-06-11 05:49:31.248,1781156971248291000,13.998000,64,64
2026-06-11 05:49:32.252,1781156972252952000,344.877000,64,64
2026-06-11 05:49:33.257,1781156973258043000,438.549000,64,64
2026-06-11 05:49:34.260,1781156974260506000,,,
2026-06-11 05:49:35.270,1781156975271083000,,,
2026-06-11 05:49:36.284,1781156976284594000,855.163000,64,64
2026-06-11 05:49:37.289,1781156977289870000,440.753000,64,64
2026-06-11 05:49:38.294,1781156978294930000,944.726000,64,64
2026-06-11 05:49:39.299,1781156979300050000,64.147000,64,64
2026-06-11 05:49:40.304,1781156980305161000,5.719000,64,64
2026-06-11 05:49:41.310,1781156981310362000,740.432000,64,64
2026-06-11 05:49:42.315,1781156982315417000,151.627000,64,64
2026-06-11 05:49:43.321,1781156983321325000,309.746000,64,64
2026-06-11 05:49:44.326,1781156984326541000,28.089000,64,64
2026-06-11 05:49:45.331,1781156985331660000,155.743000,64,64
2026-06-11 05:49:46.336,1781156986336377000,475.472000,64,64
2026-06-11 05:49:47.341,1781156987341458000,,,
2026-06-11 05:49:48.355,1781156988355988000,871.475000,64,64
2026-06-11 05:49:49.359,1781156989360166000,443.172000,64,64
2026-06-11 05:49:50.363,1781156990363463000,106.354000,64,64
2026-06-11 05:49:51.367,1781156991367999000,,,
2026-06-11 05:49:52.381,1781156992381810000,937.549000,64,64
2026-06-11 05:49:53.386,1781156993386478000,,,
2026-06-11 05:49:54.401,1781156994401772000,,,
2026-06-11 05:49:55.413,1781156995414114000,58.538000,64,64
2026-06-11 05:49:56.419,1781156996419382000,736.274000,64,64
2026-06-11 05:49:57.424,1781156997424494000,,,
2026-06-11 05:49:58.439,1781156998439641000,395.318000,64,64
2026-06-11 05:49:59.444,1781156999444889000,272.613000,64,64
2026-06-11 05:50:00.449,1781157000450061000,,,
2026-06-11 05:50:01.464,1781157001464429000,,,
2026-06-11 05:50:02.476,1781157002476643000,,,
2026-06-11 05:50:03.490,1781157003490444000,,,
2026-06-11 05:50:04.502,1781157004502227000,,,
2026-06-11 05:50:05.513,1781157005513827000,,,
2026-06-11 05:50:06.524,1781157006524285000,,,
2026-06-11 05:50:07.536,1781157007536818000,,,
2026-06-11 05:50:08.547,1781157008548101000,,,
2026-06-11 05:50:09.559,1781157009559737000,,,
2026-06-11 05:50:10.571,1781157010571339000,,,
2026-06-11 05:50:11.589,1781157011589159000,,,
2026-06-11 05:50:12.600,1781157012600480000,,,
2026-06-11 05:50:13.611,1781157013612111000,,,
2026-06-11 05:50:14.623,1781157014623329000,,,
2026-06-11 05:50:15.635,1781157015635759000,,,
2026-06-11 05:50:16.648,1781157016648418000,,,
2026-06-11 05:50:17.659,1781157017659979000,,,
2026-06-11 05:50:18.673,1781157018674154000,,,
2026-06-11 05:50:19.686,1781157019686912000,,,
2026-06-11 05:50:20.698,1781157020699007000,,,
2026-06-11 05:50:21.712,1781157021712570000,,,
2026-06-11 05:50:22.724,1781157022724440000,,,
2026-06-11 05:50:23.735,1781157023735858000,,,
2026-06-11 05:50:24.749,1781157024749818000,,,
2026-06-11 05:50:25.760,1781157025761000000,,,
2026-06-11 05:50:26.772,1781157026772872000,,,
2026-06-11 05:50:27.784,1781157027784695000,,,
2026-06-11 05:50:28.796,1781157028796352000,,,
2026-06-11 05:50:29.808,1781157029808289000,,,
2026-06-11 05:50:30.820,1781157030820448000,,,
2026-06-11 05:50:31.832,1781157031832296000,,,
2026-06-11 05:50:32.844,1781157032844524000,,,
2026-06-11 05:50:33.856,1781157033856326000,,,
2026-06-11 05:50:34.868,1781157034868367000,,,
2026-06-11 05:50:35.880,1781157035880202000,,,
2026-06-11 05:50:36.892,1781157036892407000,,,
2026-06-11 05:50:37.903,1781157037903827000,,,
2026-06-11 05:50:38.913,1781157038914142000,,,
2026-06-11 05:50:39.925,1781157039926011000,,,
2026-06-11 05:50:40.937,1781157040937691000,815.456000,64,64
2026-06-11 05:50:41.942,1781157041942925000,573.745000,64,64
2026-06-11 05:50:42.947,1781157042948029000,382.087000,64,64
2026-06-11 05:50:43.952,1781157043953048000,626.702000,64,64
2026-06-11 05:50:44.957,1781157044958212000,127.350000,64,64
2026-06-11 05:50:45.963,1781157045963353000,750.255000,64,64
2026-06-11 05:50:46.968,1781157046968495000,,,
2026-06-11 05:50:47.982,1781157047982855000,,,
2026-06-11 05:50:48.994,1781157048994346000,,,
2026-06-11 05:50:50.008,1781157050009118000,,,
2026-06-11 05:50:51.021,1781157051021387000,,,
2026-06-11 05:50:52.031,1781157052031919000,,,
2026-06-11 05:50:53.043,1781157053043830000,818.679000,64,64
2026-06-11 05:50:54.048,1781157054049044000,373.393000,64,64
2026-06-11 05:50:55.053,1781157055054128000,688.947000,64,64
2026-06-11 05:50:56.057,1781157056057490000,730.141000,64,64
2026-06-11 05:50:57.062,1781157057062625000,666.725000,64,64
2026-06-11 05:50:58.067,1781157058067703000,413.880000,64,64
2026-06-11 05:50:59.072,1781157059072824000,383.301000,64,64
2026-06-11 05:51:00.077,1781157060077872000,364.532000,64,64
2026-06-11 05:51:01.082,1781157061083055000,637.475000,64,64
2026-06-11 05:51:02.087,1781157062088107000,167.983000,64,64
2026-06-11 05:51:03.092,1781157063093218000,550.903000,64,64
2026-06-11 05:51:04.097,1781157064097465000,105.071000,64,64
2026-06-11 05:51:05.102,1781157065102524000,695.677000,64,64
2026-06-11 05:51:06.107,1781157066107638000,,,
2026-06-11 05:51:07.119,1781157067119722000,378.684000,64,64
2026-06-11 05:51:08.124,1781157068124943000,162.571000,64,64
2026-06-11 05:51:09.129,1781157069130037000,736.582000,64,64
2026-06-11 05:51:10.134,1781157070135187000,449.244000,64,64
2026-06-11 05:51:11.139,1781157071140193000,885.353000,64,64
2026-06-11 05:51:12.142,1781157072142547000,62.892000,64,64
2026-06-11 05:51:13.152,1781157073152776000,,,
2026-06-11 05:51:14.172,1781157074172713000,,,
2026-06-11 05:51:15.186,1781157075186959000,476.038000,64,64
2026-06-11 05:51:16.196,1781157076197184000,132.085000,64,64
2026-06-11 05:51:17.206,1781157077207093000,,,
2026-06-11 05:51:18.218,1781157078218546000,,,
2026-06-11 05:52:13.944,1781157133944645000,,,
2026-06-11 05:52:14.977,1781157134977404000,,,
2026-06-11 05:52:15.989,1781157135989935000,,,
2026-06-11 05:52:17.002,1781157137002472000,,,
2026-06-11 05:52:18.013,1781157138013097000,,,
2026-06-11 05:52:19.019,1781157139019228000,,,
2026-06-11 05:52:20.032,1781157140032861000,,,
2026-06-11 05:52:21.041,1781157141041821000,,,
2026-06-11 05:52:22.050,1781157142051477000,,,
2026-06-11 05:52:23.080,1781157143080326000,,,
2026-06-11 05:52:24.094,1781157144094265000,,,
2026-06-11 05:52:25.107,1781157145107397000,,,
2026-06-11 05:52:26.118,1781157146118500000,,,
2026-06-11 05:52:27.127,1781157147127952000,,,
2026-06-11 05:52:28.139,1781157148139483000,,,
2026-06-11 05:52:29.155,1781157149155380000,,,
2026-06-11 05:52:30.168,1781157150168774000,,,
2026-06-11 05:52:31.180,1781157151180328000,,,
2026-06-11 05:52:32.193,1781157152193787000,,,
2026-06-11 05:52:33.206,1781157153206247000,,,
2026-06-11 05:52:34.217,1781157154217930000,,,
2026-06-11 05:52:35.230,1781157155230210000,,,
2026-06-11 05:52:36.242,1781157156242951000,,,
2026-06-11 05:52:37.256,1781157157257065000,,,
2026-06-11 05:52:38.268,1781157158268314000,,,
2026-06-11 05:52:39.279,1781157159279211000,,,
2026-06-11 05:52:40.293,1781157160293272000,,,
2026-06-11 05:52:41.301,1781157161301569000,,,
2026-06-11 05:52:42.309,1781157162309757000,,,
2026-06-11 05:52:43.323,1781157163323172000,,,
2026-06-11 05:52:44.334,1781157164334898000,,,
2026-06-11 05:52:45.349,1781157165349591000,,,
2026-06-11 05:52:46.363,1781157166363264000,,,
2026-06-11 05:52:47.374,1781157167374158000,,,
2026-06-11 05:52:48.387,1781157168387685000,,,
2026-06-11 05:52:49.400,1781157169401097000,,,
2026-06-11 05:52:50.414,1781157170414191000,,,
2026-06-11 05:52:51.424,1781157171424378000,,,
2026-06-11 05:52:52.434,1781157172434450000,,,
2026-06-11 05:52:53.448,1781157173449021000,,,
2026-06-11 05:52:54.462,1781157174462418000,,,
2026-06-11 05:52:55.476,1781157175476800000,,,
2026-06-11 05:52:56.490,1781157176490731000,,,
2026-06-11 05:52:57.503,1781157177504099000,,,
2026-06-11 05:52:58.517,1781157178517159000,,,
2026-06-11 05:52:59.530,1781157179530560000,,,
2026-06-11 05:53:00.544,1781157180544211000,,,
2026-06-11 05:53:01.554,1781157181554197000,,,
2026-06-11 05:53:02.567,1781157182567330000,,,
2026-06-11 05:53:03.580,1781157183580288000,,,
2026-06-11 05:53:04.593,1781157184594038000,,,
2026-06-11 05:53:05.607,1781157185607368000,,,
2026-06-11 05:53:06.620,1781157186621107000,,,
2026-06-11 05:53:07.634,1781157187634171000,,,
2026-06-11 05:53:08.647,1781157188647341000,,,
2026-06-11 05:53:09.660,1781157189660463000,,,
2026-06-11 05:53:10.673,1781157190673220000,,,
2026-06-11 05:53:11.682,1781157191682628000,,,
2026-06-11 05:53:12.696,1781157192696629000,,,
2026-06-11 05:53:13.709,1781157193709174000,,,
2026-06-11 05:53:14.722,1781157194722270000,,,
2026-06-11 05:53:15.732,1781157195733007000,,,
2026-06-11 05:53:16.747,1781157196747932000,,,
2026-06-11 05:53:17.757,1781157197757440000,,,
2026-06-11 05:53:18.770,1781157198770586000,,,
2026-06-11 05:53:19.781,1781157199781930000,,,
2026-06-11 05:53:20.795,1781157200795588000,,,
2026-06-11 05:53:21.810,1781157201810736000,,,
2026-06-11 05:53:22.824,1781157202824311000,,,
2026-06-11 05:53:23.836,1781157203837048000,,,
2026-06-11 05:53:24.847,1781157204847246000,,,
2026-06-11 05:53:25.859,1781157205859826000,,,
2026-06-11 05:53:26.873,1781157206874020000,,,
2026-06-11 05:53:27.887,1781157207888136000,,,
2026-06-11 05:53:28.901,1781157208901397000,,,
2026-06-11 05:53:29.909,1781157209909796000,,,
2026-06-11 05:53:30.919,1781157210919279000,,,
2026-06-11 05:53:31.931,1781157211932064000,,,
2026-06-11 05:53:32.944,1781157212945080000,,,
2026-06-11 05:53:33.957,1781157213957813000,,,
2026-06-11 05:53:34.966,1781157214966739000,,,
2026-06-11 05:53:35.979,1781157215979502000,,,
2026-06-11 05:53:36.994,1781157216994572000,,,
2026-06-11 05:53:38.007,1781157218008083000,,,
2026-06-11 05:53:39.021,1781157219021966000,,,
2026-06-11 05:53:40.035,1781157220035605000,,,
2026-06-11 05:53:41.045,1781157221045297000,,,
2026-06-11 05:53:42.055,1781157222055635000,,,
2026-06-11 05:53:43.067,1781157223067928000,,,
2026-06-11 05:53:44.076,1781157224076591000,,,
2026-06-11 05:53:45.089,1781157225089764000,,,
2026-06-11 05:53:46.100,1781157226100514000,,,
2026-06-11 05:53:47.109,1781157227109917000,,,
2026-06-11 05:53:48.125,1781157228125326000,,,
2026-06-11 05:53:49.135,1781157229135187000,,,
2026-06-11 05:53:50.146,1781157230146934000,,,
2026-06-11 05:53:51.159,1781157231159344000,,,
2026-06-11 05:53:52.169,1781157232169901000,,,
2026-06-11 05:53:53.180,1781157233180640000,,,
2026-06-11 05:53:54.191,1781157234191886000,,,
2026-06-11 05:53:55.201,1781157235202012000,,,
2026-06-11 05:53:56.208,1781157236209070000,,,
2026-06-11 05:53:57.220,1781157237220687000,,,
2026-06-11 05:53:58.233,1781157238233802000,,,
2026-06-11 05:53:59.245,1781157239245152000,,,
2026-06-11 05:54:00.269,1781157240269397000,,,
2026-06-11 05:54:01.280,1781157241280849000,,,
2026-06-11 05:54:02.292,1781157242292611000,,,
2026-06-11 05:54:03.304,1781157243304565000,,,
2026-06-11 05:54:04.322,1781157244322809000,,,
2026-06-11 05:54:05.333,1781157245333811000,,,
2026-06-11 05:54:06.342,1781157246343227000,,,
2026-06-11 05:54:07.354,1781157247354209000,,,
2026-06-11 05:54:08.362,1781157248362144000,,,
2026-06-11 05:54:09.370,1781157249370655000,,,
2026-06-11 05:54:10.384,1781157250384257000,,,
2026-06-11 05:54:11.393,1781157251393712000,,,
2026-06-11 05:54:12.403,1781157252403554000,,,
2026-06-11 05:54:13.412,1781157253412402000,,,
2026-06-11 05:54:14.421,1781157254421620000,,,
2026-06-11 05:54:15.434,1781157255434304000,,,
2026-06-11 05:54:16.444,1781157256444338000,,,
2026-06-11 05:54:17.454,1781157257454488000,,,
2026-06-11 05:54:18.465,1781157258465840000,,,
2026-06-11 05:54:19.478,1781157259478222000,,,
2026-06-11 05:54:20.492,1781157260492392000,,,
2026-06-11 05:54:21.501,1781157261501359000,,,
2026-06-11 05:54:22.513,1781157262513247000,,,
2026-06-11 05:54:23.524,1781157263524165000,,,
2026-06-11 05:54:24.535,1781157264535836000,,,
2026-06-11 05:54:25.547,1781157265547490000,,,
2026-06-11 05:54:26.559,1781157266559219000,,,
2026-06-11 05:54:27.572,1781157267572223000,,,
2026-06-11 05:54:28.584,1781157268584251000,,,
2026-06-11 05:54:29.597,1781157269597753000,,,
2026-06-11 05:54:30.609,1781157270609407000,,,
2026-06-11 05:54:31.620,1781157271620632000,,,
2026-06-11 05:54:32.630,1781157272630433000,,,
2026-06-11 05:54:33.643,1781157273643433000,,,
2026-06-11 05:54:34.654,1781157274654827000,,,
2026-06-11 05:54:35.667,1781157275667304000,,,
2026-06-11 05:54:36.679,1781157276679771000,,,
2026-06-11 05:54:37.692,1781157277692942000,,,
2026-06-11 05:54:38.705,1781157278705582000,,,
2026-06-11 05:54:39.717,1781157279717404000,,,
2026-06-11 05:54:40.729,1781157280729550000,,,
2026-06-11 05:54:41.741,1781157281741687000,,,
2026-06-11 05:54:42.753,1781157282753632000,,,
2026-06-11 05:54:43.765,1781157283765712000,,,
2026-06-11 05:54:44.778,1781157284778306000,,,
2026-06-11 05:54:45.791,1781157285792196000,,,
2026-06-11 05:54:46.804,1781157286804219000,,,
2026-06-11 05:54:47.817,1781157287817214000,,,
2026-06-11 05:54:48.828,1781157288828476000,,,
2026-06-11 05:54:49.841,1781157289842156000,,,
2026-06-11 05:54:50.850,1781157290850531000,,,
2026-06-11 05:54:51.862,1781157291862774000,,,
2026-06-11 05:54:52.875,1781157292875572000,,,
2026-06-11 05:54:53.889,1781157293889743000,,,
2026-06-11 05:54:54.900,1781157294900542000,,,
2026-06-11 05:54:55.911,1781157295911971000,,,
2026-06-11 05:54:56.926,1781157296926498000,,,
2026-06-11 05:54:57.938,1781157297938640000,,,
2026-06-11 05:54:58.950,1781157298950460000,,,
2026-06-11 05:54:59.960,1781157299960949000,,,
2026-06-11 05:55:00.970,1781157300970572000,,,
2026-06-11 05:55:01.983,1781157301983795000,,,
2026-06-11 05:55:02.992,1781157302993137000,,,
2026-06-11 05:55:04.005,1781157304005616000,,,
2026-06-11 05:55:05.015,1781157305016014000,,,
2026-06-11 05:55:06.025,1781157306025542000,,,
2026-06-11 05:55:07.033,1781157307033806000,,,
